batch,Label,log.sigma.1.mm.3D_glcm_MCC,log.sigma.3.mm.3D_glszm_SizeZoneNonUniformityNormalized,wavelet.HHL_gldm_SmallDependenceHighGrayLevelEmphasis,wavelet.LLH_glcm_MCC,wavelet.HHH_glszm_GrayLevelVariance,log.sigma.2.mm.3D_glszm_SmallAreaLowGrayLevelEmphasis,wavelet.LLH_glszm_SmallAreaEmphasis,wavelet.HHL_glszm_GrayLevelNonUniformityNormalized,wavelet.HHH_glszm_SmallAreaEmphasis,original_shape_Flatness
1,0,-0.917078161,0.491986779,0.316666412,0.253324554,-1.981863509,-0.130452325,2.610885153,-1.087078911,-1.071863796,0.625730887
1,0,-0.337316163,-0.17859904,-0.475760262,1.455574922,-0.924383879,-0.300439651,1.286524264,0.848537032,-2.911687299,0.837798403
1,0,-0.729533109,-0.414503134,-0.003646259,1.337847763,-0.696335065,-0.060929893,-0.746370865,0.34698068,0.998543232,0.382419574
1,0,-0.687956497,-0.552316283,-0.818023355,1.307546641,-0.262229415,-0.576469797,-1.481770486,1.729372262,0.089486245,1.518246456
1,0,1.163319647,3.729450753,-0.191538022,2.651686475,-3.305211642,2.618868105,0.873165659,2.397395639,0.923638872,-2.399618681
1,0,-1.054563016,-0.587167879,-1.115888769,0.198902982,0.825025794,-0.10993739,0.460736148,0.294708708,0.627135288,-0.260965982
2,0,1.464113604,1.075641667,-1.464429282,-1.335131519,-0.689495545,-0.490852043,2.167554279,2.376730857,0.257506981,-0.824810043
1,1,-0.951659268,0.506375507,-1.495287859,0.395494628,-0.06715492,0.252957014,-1.232246061,0.94281542,-0.64791856,0.418906833
1,1,1.860936134,1.375235959,-0.92366742,-0.214387044,-1.313396211,-0.35836977,-0.079477702,1.354160789,-1.082907667,1.620991122
1,0,-0.729603631,-0.711637854,-0.5354062,0.0635011,-0.657151558,-0.484050599,-0.352084263,0.470212881,-0.863678081,0.222198117
1,0,0.026168159,-0.590430633,-1.395745738,-0.85453625,-0.7294304,-0.420693099,-0.185085669,0.90689987,-1.779665493,-0.021236047
1,0,-0.783451159,0.13226856,1.883507017,-0.099513017,-0.612066924,0.212126124,-2.004001094,-1.022748668,-0.52933288,-0.016042608
1,0,-0.525753121,-0.452273547,0.888236949,0.105983389,0.969679514,-0.277760617,0.158955445,-0.899069614,1.346472534,0.324762139
1,0,-0.784724583,-0.427293113,0.164680067,-1.232985893,-0.276888311,-0.254259267,-1.490110412,-0.593004241,0.069240491,0.416234341
1,0,-0.868160141,-0.187007962,0.379590399,-0.378085094,0.652121449,0.173890741,0.248073314,-0.138074158,0.545400241,-0.262564283
1,0,1.418484474,-0.500835507,-1.112586069,-0.997016727,0.597192691,-0.546039276,1.755346785,0.817592099,0.262380982,1.471271927
1,0,-0.920424593,-0.599059392,-1.087950685,-0.285279118,-0.574806149,3.974032447,0.452915197,-0.493313191,-0.368726519,1.460029287
2,0,-0.457496247,0.658546027,-0.36434219,-0.248554859,-0.44680243,-0.010365259,1.299233804,-0.904210602,0.282505694,-0.696319044
2,0,-0.652259202,0.542434061,0.578048649,-1.368775241,1.218990357,0.829959397,0.129574781,-0.739794487,0.083450667,-0.079196406
2,0,-0.82693485,0.087112524,-1.930607092,0.215719242,-0.92153587,4.646911569,-1.978222015,1.055503336,0.36895148,0.468312419
2,0,-0.489506543,0.070519171,0.915117878,0.795643554,-0.151333069,-0.356938127,0.357570584,0.56742009,-2.102819266,0.336606245
2,0,-0.860240849,-0.477465846,0.252942091,-0.718979921,-0.8101763,-0.322931313,-0.034315997,-0.739086206,0.331425775,-2.050272886
2,0,-1.104702256,-0.993529409,1.474369214,-0.271939575,-1.011625827,0.022932533,0.059988823,-0.271867501,0.300073544,-1.568500703
1,1,-0.519565551,0.491986779,-0.087234783,0.912130218,-0.539250766,-0.144674651,0.20047012,2.307606709,-1.13751067,0.65920764
1,1,-0.609880597,-0.998274419,-0.155661844,0.577786446,-0.758447528,-0.362075219,-2.250273973,0.634967714,0.242101535,1.153280465
1,1,0.00636997,-0.851450656,-0.649817897,0.491080531,-1.55158567,-0.599122614,-0.672470293,0.685581358,0.050576951,1.401054612
1,0,0.35745184,-0.943811584,-0.276425576,-0.581365434,1.175241185,-0.184103507,0.142093099,0.340362004,1.292300135,-0.263718868
1,0,0.256585282,-0.675987188,-0.972804182,-0.424713225,-0.201661379,-0.249592186,0.89159791,0.991300391,0.950315209,0.519801378
1,0,0.373746906,-0.444469745,1.702548485,-0.15487258,1.495478871,-0.42743822,0.395774062,-1.229650964,-0.545967091,-0.523234965
1,0,0.1817825,-0.527569592,1.030569907,-0.871480598,0.85696704,-0.405684843,1.643246996,-0.719526114,-0.341496408,0.303395706
1,0,-0.665119877,-0.306440845,0.451100736,-0.660692316,2.168657689,-0.399071514,0.854964266,-1.515751927,0.683664358,-0.090782064
1,0,0.445869861,-0.496927459,0.575046064,-0.77623179,0.543222237,-0.535543502,1.132295531,-0.525246719,0.57972274,0.391314946
1,0,-0.151706874,-0.90691741,-1.235567803,-0.190767539,-0.29714992,-0.467506166,-0.28865452,1.538917397,0.267405487,0.046414418
1,0,-0.697984937,0.161997342,1.544383923,0.617153634,0.25627802,0.026946668,0.80615991,-1.045131986,-0.424488591,-0.11457448
1,0,-0.563264407,-0.107543583,1.41446029,-0.023097412,1.146410884,-0.088652454,0.215561268,-0.11880117,-0.46823143,0.349894583
1,1,0.510794707,-0.080971607,-0.379932324,-0.879185316,-0.025186463,-0.588689914,0.916676873,-0.70303733,1.767461499,0.389062239
1,1,0.062915346,-0.791298634,0.660845368,-1.558080315,-0.555757028,-0.167972905,1.485462225,-1.084201404,-0.407841765,-1.118514678
1,1,1.027173657,-0.16997988,-0.895085619,-0.574008061,0.041607508,-0.524150346,0.52765933,0.164540937,-0.598876712,-1.047282815
1,0,-0.716723321,-0.587167879,0.3494071,-0.543393822,-0.818975303,-0.315279611,-0.056336113,-0.721479378,-1.91400113,0.387339095
1,0,-0.6152036,-0.595681921,0.356985488,0.757256065,-0.724660489,-0.203947492,-0.299722702,-1.003963941,-2.68680246,0.917142742
1,0,0.144748763,-0.644722794,-0.388690046,-0.455739606,-1.141675557,-0.450331401,2.081817487,0.352184066,-2.233320941,0.042842434
1,1,0.062133396,-1.16271703,-0.244511132,-0.156473108,-1.206093076,-0.626073472,0.082043622,-0.358785648,-0.29273218,-1.98266079
1,1,0.778420448,-0.416831357,-0.531291468,-0.740212538,0.025472322,-0.212071722,0.772735325,0.277023852,1.528925139,0.288193012
1,1,2.363688615,0.730576524,-0.977148564,0.534155346,0.257403249,-0.488150483,0.111370961,1.846627168,0.39565536,0.561981371
1,1,2.194409739,1.567887523,-0.351215522,0.862871012,0.125060688,-0.653888499,-0.071578212,0.435451502,0.937553338,1.659930325
1,0,-0.172145159,0.558057473,-0.088783889,1.69740263,-2.61973635,0.137130578,2.604813295,2.776753727,-0.884730983,0.484865562
1,1,1.424035229,0.324694002,-1.088689522,0.1770229,-1.271636253,-0.572770167,0.233862518,0.022917328,-1.317350803,0.81188157
1,0,-0.50121749,-0.538226621,-0.896906733,0.281156924,-0.073103178,-0.424774054,0.218656866,1.133119129,-0.513365189,-0.690460225
1,0,-0.73999144,-0.644722794,1.355945757,0.797468556,0.315942413,0.001066955,0.490298066,-1.110179435,1.976370224,0.899575801
1,0,0.912590804,-0.79245086,-0.724076731,0.256366429,-0.690918447,-0.588935979,-0.215420983,1.626187123,-0.733382719,1.263862999
1,1,0.141840043,-0.619231342,0.984403986,-1.264504779,1.697765555,-0.394755955,0.386586746,-0.916936707,0.484530511,-0.334520721
1,1,0.482503121,-0.792293355,-0.282233614,0.064776766,-0.426458531,-0.629424753,-0.15950689,-0.300384244,0.809879557,-0.396626592
1,1,1.151688265,-0.38317147,-0.750206542,-0.77394386,-0.170428321,-0.63037939,1.24186063,0.560758512,0.749232086,0.028102603
1,0,0.801109831,-0.873363447,0.003396185,-0.569506617,0.312304657,-0.465800222,0.9386572,-0.299124586,-1.079364042,1.077534931
1,1,0.118644114,-0.499405371,1.269488326,-1.20321233,1.231326039,-0.420892962,0.386811403,-1.078473595,0.805363613,-0.379334712
2,1,1.480717024,0.834540569,-1.274814545,0.472837761,-1.082313791,-0.171183365,0.531612012,0.980796745,-1.598810616,1.73934073
2,0,-0.793322817,-0.628392738,-1.038073614,-0.043818608,0.842155516,-0.348952906,0.503723017,0.101003279,0.404597168,1.348401024
2,1,-0.415302846,0.518539634,-0.053560846,-0.671054674,1.930574173,1.694554025,-1.351142106,-0.88064316,-0.337401352,-0.236611937
2,1,-0.438176913,0.182524289,-1.259265912,-0.180570325,-1.192240922,-0.333566641,-1.491815557,3.141869901,0.218525833,1.109206359
1,0,-0.644556612,0.161997342,0.468625064,-0.285418278,-0.382773772,0.010371902,-0.823527385,-0.912844556,-0.267869852,0.092620525
1,0,-1.091569984,0.491986779,-1.337644956,0.271399499,-2.110391778,0.294749008,-1.86242472,1.362782603,-0.174800625,0.322523505
1,0,0.221569949,0.506375507,-0.386021114,0.74884613,-0.371022862,-0.444409066,0.244757498,-0.436177235,-1.477122264,1.793576002
1,0,-0.661321442,0.506375507,-0.034167555,0.380583359,-0.456200266,-0.443335922,-0.691144707,0.192130481,0.399683261,0.74158471
1,0,-0.742821896,-0.747042644,1.237305576,0.72973659,-0.024110817,0.286010965,-0.311230278,-1.473095608,0.70655125,-0.950244518
1,1,0.183417255,-0.553785349,1.021986636,-0.332018567,1.613024364,-0.310422896,0.683746625,-1.654765376,1.355719908,-0.664370488
1,1,0.994957019,-0.171120964,-0.385420492,-0.869789465,-0.148238084,-0.519715046,0.202674439,-0.025347112,-0.212435158,-1.615854626
1,1,0.886635199,0.189729223,1.561440784,-0.314058681,1.258187652,-0.491828538,-0.221192843,-0.665317266,1.078411839,0.914222644
1,1,-0.380581764,-1.102319892,-0.930492772,-1.099436045,0.575793506,-0.465586428,0.662122048,0.451456614,0.615886782,1.735976957
1,1,0.975514303,-0.216649952,0.599867468,0.03578617,0.806708392,-0.599696101,0.081008472,-0.576817219,1.219356516,0.037961841
1,0,-0.294566389,1.81095358,-1.528348242,0.786240987,0.619379153,0.23031472,-0.520430389,0.404082004,-0.183011247,1.055157133
1,0,-1.377463279,0.531955468,0.510715126,0.437223592,0.690692416,0.885026577,-2.516450842,-0.783063111,-0.55663941,0.69741577
1,0,-0.65455492,2.290577875,2.835234105,1.571487296,1.251476294,4.175103256,-1.324092043,0.080841943,0.973596046,-2.399618681
1,0,-0.057877958,0.851704998,-1.377908613,3.17785605,-4.3713796,0.026491393,1.26033411,2.211587559,-0.795987833,-0.758496161
1,0,-0.856870677,0.276155847,-1.077964676,4.854989982,-1.884119055,-0.728939477,-1.184780808,0.409658386,-1.438523575,-1.443048776
1,1,-0.948302273,-0.69868733,1.851676791,-0.715406017,0.642942106,-0.164555552,0.271319683,-1.512911074,1.258396717,-0.676792744
1,1,0.022616179,-0.42371192,-1.159261584,-0.46617656,-0.025750174,-0.223235979,0.289259953,2.075276754,-0.555104578,1.172956524
1,1,1.202240461,-0.291128395,1.127039687,0.39765923,0.107796244,-0.438972162,-0.138161246,-0.464952415,-0.54474088,-1.860347784
1,0,-0.166083479,1.81095358,-1.712786852,0.083524754,-0.323514097,-0.516267125,-2.564630937,1.477192835,0.792169932,-0.312386008
1,1,0.859010086,0.741202047,-0.605664682,0.430222188,-1.341610545,-0.533108649,0.659228695,0.253654506,-1.577705541,0.101856847
1,1,0.466304532,0.531955468,-1.436277101,-0.390997867,-0.608821302,-0.661174542,-2.200004474,0.929347048,-0.148887094,1.252398292
1,0,-0.590300007,3.729450753,-0.641827575,-0.891631931,0.609367806,0.372734319,0.304188917,0.124990304,1.534382568,0.227049274
1,0,0.522845937,1.81095358,-1.190465278,1.596379956,0.44979662,-0.180657526,-2.566120038,0.368675036,-1.43742176,0.887973265
1,0,-0.265322349,-0.590430633,-0.978607531,-0.617803701,1.430891498,-0.063268165,-0.193693099,0.364811447,-0.467078854,0.200016284
1,0,0.146817624,1.81095358,-2.012038281,0.322278312,-2.344874816,0.457437712,-0.685682875,1.8395293,-2.79603045,0.696569223
1,0,-0.206790694,0.851704998,-0.575702141,0.20865285,-0.53164691,0.952445928,-0.695339095,0.767853207,-1.206721261,-0.010543298
1,1,-0.865665499,-0.234790847,-0.507045333,-0.66114372,0.172059055,-0.168622753,0.390902197,0.079295272,-0.973776761,0.416753995
1,1,-0.01548371,-0.241759435,-0.192770448,-0.257940037,0.84273525,-0.503000494,0.50735421,-0.585750848,-0.094584196,1.505139276
1,1,-0.202464061,1.81095358,-1.891025312,0.716740952,1.920225395,0.353590558,-1.730826617,0.489098942,-1.314422139,1.362466715
1,1,-0.166686074,-0.17859904,1.824854179,0.481494635,1.226531103,-0.553652564,0.112966837,-1.476385553,0.979943754,0.193795673
1,1,-0.402897171,-0.462820842,-0.428310287,0.198056795,2.234245081,0.762057058,0.169605442,-0.245782023,0.011524504,0.415985332
1,1,-0.098775127,0.352261517,-1.148566322,0.272872583,0.902026044,1.609434041,0.972797058,0.207630289,0.621271893,0.733254347
1,1,0.546788469,-0.606485623,0.900575428,-0.606772625,1.092132618,-0.538840997,0.041832264,-0.937076635,0.295809213,-1.519933733
1,1,0.851353516,-0.1658659,0.688287237,-0.619528402,1.023194289,-0.472346245,-0.614481588,-0.518864526,0.013767653,-0.274976943
2,0,-0.565130966,-0.766942,1.120700419,-0.424630758,0.443308705,-0.084265126,0.245928981,-0.549542575,0.878421118,-1.381100964
2,0,-1.013053667,-0.494134706,0.548693239,-0.388524624,0.09199,-0.243905382,0.005482619,-0.83230264,0.438206821,-1.62059308
2,0,-0.772259498,-0.685515351,-0.096451104,-0.849130079,0.152969564,0.243962914,-0.530026973,-0.317603614,0.262265526,-2.206453945
2,0,-0.770934589,0.087112524,-1.634795723,0.586565813,-1.200274311,-0.587801693,-1.022055427,0.757107828,-1.178536572,0.944720099
1,0,-1.148376465,-0.663794249,0.740915734,-0.717438324,-0.826578482,0.809819882,-0.192711976,-1.288582038,-1.248384084,-1.450912118
1,0,-0.60821114,-0.462820842,1.315647498,1.364493635,-0.48779443,-0.676563535,-1.06123214,-0.830159122,-0.205361341,1.225285216
1,0,-0.655159411,-0.747042644,3.074160247,-0.439238282,-0.032392159,-0.191761999,-0.056960157,-1.050532194,1.159573037,-1.616077613
1,1,-0.887943493,-0.227449659,0.57618041,0.61113053,0.087062169,0.164807288,-0.185662032,0.192376578,-0.643159059,0.66012915
1,1,-0.390920746,-0.126728558,1.07589742,-1.400281066,1.366146192,0.217561735,0.679645137,-1.69066361,0.969435624,-0.588962791
1,1,1.291270662,-0.023568958,-0.89258953,-0.78115047,0.736169037,-0.607209399,0.280615338,0.588431527,1.408053159,0.434640572
2,0,-0.846683546,-0.76627936,0.078096345,0.248438667,-0.34985292,0.093171311,0.721991925,-0.935116745,-0.154273203,-2.222021057
2,0,-0.02186937,3.54267772,1.98134772,-0.61367321,1.912068649,-0.671053195,-0.448909669,-1.116010334,0.62994485,2.070475986
2,1,1.322348469,-0.169608663,-0.700310501,-0.293052113,-0.721002985,-0.531887945,-1.105491126,1.329148711,-0.49203275,0.469096315
2,1,0.810774212,-0.451729519,-0.157903836,-0.075479026,-0.176231812,-0.387305337,-0.861552545,-0.366402437,0.73505582,1.022170522
2,0,-0.789665558,0.197767587,0.294212964,0.203794814,0.659639885,-0.257382605,0.78994645,-0.652685248,0.169028643,1.099439752
2,0,-0.313830645,-0.268607419,0.382687499,-0.745640172,2.617198913,-0.00851249,0.067696209,-1.015299594,0.32713938,-0.520248973
2,0,-0.439179677,-0.530823837,0.557172843,-0.892684732,0.737641342,2.62374561,0.767361344,-0.755566174,-0.950163271,-0.932924322
2,0,-0.576329095,-0.93752685,0.388961792,0.229941221,-0.43496675,0.383885013,-0.498971856,-0.68137017,-0.339235776,-2.064314864
2,0,-0.902492267,-0.321830101,-0.939882233,-0.470962522,0.804019679,-0.102639831,-0.340726771,0.192226882,0.132552601,0.160656607
2,1,-0.61410785,-0.040560277,-0.450218258,-0.378675203,2.545861371,-0.200232517,0.667820757,0.006946279,0.239834845,-0.838033336
2,1,1.771537943,-0.59942697,-1.472250712,1.31712703,0.165833394,-0.504882663,-0.338519487,3.059519906,0.39762968,0.989792734
2,1,1.985872576,0.483246252,0.473479132,-1.465849583,0.946893755,-0.561972571,0.673586483,-0.830136252,0.504548371,0.244913204
1,0,-0.216244997,-0.25512029,-1.508700778,-0.758486406,-0.333055656,-0.448720569,-1.154224754,1.179656082,-0.46642883,1.397386261
1,0,-0.495653283,-0.337763243,-0.567611755,-0.591625105,-0.440530992,-0.35310216,0.929401229,0.261749929,0.125666465,0.785972557
2,0,-0.611371484,-0.916525894,1.350133429,0.004203011,-0.451548039,-0.181430424,0.343553236,-1.187168687,0.701484565,-0.255954218
2,0,-0.45274086,0.249727359,0.931498538,0.312854227,-0.606301659,0.394677814,-3.380707695,-1.180008155,-0.724190884,-0.469359629
1,0,1.410626787,-0.803886999,0.168312184,0.415584512,-0.264252802,-0.520307932,-0.45058551,-0.77250393,0.183809809,0.141069029
1,1,0.155794912,-1.104262819,0.745229747,0.266998086,-0.95940661,-0.372129827,-0.2336656,-0.513701292,0.593017329,-2.204195878
2,0,0.31355492,-0.198293104,-0.164049131,-0.999176314,-0.194016629,-0.263778531,-0.325580776,0.994533025,0.690491543,-0.252952524
2,0,-0.366874565,0.249727359,-1.429690448,0.919373863,-1.819354374,7.935791933,1.971198097,2.313827052,-2.526435042,0.006009789
2,0,-0.537950151,0.798552418,2.041447906,1.944815011,-2.026374985,1.175714494,-0.993715914,0.392164493,1.138981584,-0.298920853
2,0,-1.046884848,-1.00227981,-0.644126566,-0.283398025,0.446173078,-0.043931436,-1.088063276,-0.265877891,1.081084375,-1.821425147
2,0,-1.087786263,-0.596062211,0.108966923,-0.857498402,0.32696516,-0.369891831,0.217173882,-0.654726838,0.225160413,-2.01932726
1,0,-0.234447746,-0.731906565,-0.159180719,-0.010103299,0.507712287,-0.103868684,-0.777481516,-0.279186617,-0.753828451,1.075678307
1,0,-0.439348083,-0.323232618,0.129052317,-0.190851208,0.694563834,0.725959438,-0.494032202,-0.937114492,0.836720084,0.951731572
1,0,-0.420083759,-0.499073624,0.585315283,-0.673148165,0.267352293,-0.722246085,0.800366645,-0.880157332,0.504402915,1.120912022
2,0,-1.192593642,-0.408862714,-1.421443819,-0.101377113,-1.702967605,-0.144226491,-1.70936535,1.826254283,-0.520144883,0.812611974
1,0,-1.106662001,-0.32070994,0.234687174,-0.75801563,0.504399623,2.745610439,1.156216808,-0.040861123,0.49440114,0.156100689
1,0,-1.26853608,-0.69868733,0.590840501,-0.903255656,0.388975897,0.637341446,-0.001638781,-0.902170547,0.207984004,-1.214637043
1,0,-1.143172591,3.696810912,0.581081212,-1.381943898,-0.583805105,2.409333533,0.289823124,-0.236604482,-0.246310949,-1.488142686
1,0,-0.52520959,0.531955468,-0.514473118,3.059193696,0.617230306,0.544468796,-0.053485301,2.276001001,-3.945948725,0.610951122
2,0,-0.63412797,0.070519171,-0.931269431,2.183896253,-1.655112296,-0.170569472,-1.074440971,1.574947776,0.924413711,0.764556796
2,0,-1.003748114,-0.847922762,0.683319428,0.559835277,0.545876301,0.181208643,-1.082509061,-0.560110493,0.351429936,-1.949663662
2,0,-1.082393169,-0.321830101,1.125953014,0.400552699,0.971745184,0.213489226,0.372615822,-0.909744838,-1.267993125,-0.44271366
2,0,-0.560634245,0.798552418,-0.74633089,0.846571928,-0.688507131,0.338731601,0.002267094,1.999386393,-0.760986194,0.536420466
1,0,-0.11311252,-0.644722794,0.195556204,0.124464639,-0.175939132,-0.599774283,-1.386604556,0.274394736,-0.25186346,-0.898219107
1,0,1.600771431,0.576986364,-0.40628072,-0.826741587,-0.604900832,-0.64870207,-0.119303818,-0.607120607,0.014371092,-1.208449927
1,0,-0.691022046,-0.381614609,-1.030213254,0.649535272,-1.410537624,-0.10361245,0.954331702,1.449000365,-0.268205226,-0.352907645
1,0,-0.455346992,-0.828898522,-0.441232916,1.169208263,-1.653898853,-0.383181395,-1.500252288,0.215819398,-0.206499743,-1.949886835
1,0,0.275451416,-0.777314792,0.2704739,-0.092120876,0.227725088,-0.600471626,0.434954619,-0.796216937,-0.203618833,-0.020299671
1,0,-0.539963527,-0.65230204,-0.344073908,0.8478704,0.288445128,-0.383305367,0.742680976,0.691339868,1.147793985,0.238139302
1,0,-0.491149488,1.011579763,-0.05064106,-0.072136962,-0.143139508,-0.544312407,-1.308279026,-0.779549849,0.946344598,0.679099037
2,0,-1.186594056,-0.454936918,0.845602239,-0.77069341,-0.451622363,-0.011630582,-0.296632507,-0.880908542,1.15094928,0.331578714
2,0,-8.02E-05,1.713260849,-1.528374019,0.875640236,0.178087841,-0.265220541,0.709538213,1.555532176,-2.881851123,-0.30771684
2,0,-0.245065792,-0.725961639,-0.139978646,0.437916392,0.604521651,0.707483586,0.699001996,-0.223313342,-0.871567153,-0.513926105
2,1,-0.543617861,-0.628392738,2.247791773,-0.993814511,1.575992879,-0.266269055,-0.113968382,-1.435955723,0.593158775,0.122991331
1,0,-0.069386079,-0.724304896,0.139697105,-0.926143201,-0.743282218,-0.121379571,-2.06E-05,-0.202491041,-0.282034314,-2.157944622
2,0,0.135981048,-0.539348418,1.144263609,0.150992995,1.420816958,-0.431419369,-0.17432905,-1.122874298,0.32717393,-1.21678285
2,0,-0.484529221,-0.711528363,1.037498085,-0.10173318,0.123039534,-0.280908871,-0.271505421,-0.982208567,0.888360609,0.135749835
2,0,-0.679406781,1.713260849,1.852742016,-1.344394659,1.640380526,-0.226147634,0.867149284,-1.258066322,0.170799717,-0.546797524
2,0,-0.720442657,-0.116156012,-0.546628624,0.642696749,1.038197638,0.441979937,-0.627472569,0.305049125,0.387956611,-0.90358445
2,0,-0.774493599,-0.628392738,0.201531072,-0.375920511,1.418595571,-0.421474639,1.464387037,-0.040706949,1.576201505,1.096624018
2,0,-0.817371878,-0.335686035,0.05909676,-0.251282191,-0.672004,0.005045606,-1.332306514,-0.285908756,0.526661747,0.825603237
2,0,1.207911285,-1.094334018,0.993992482,0.389065896,-0.073101086,-0.524111985,-0.483205156,-1.427780633,0.68929277,1.85888199
2,0,-0.291272582,-0.451729519,0.885016643,-0.620799259,-0.713592644,0.069615904,1.172525576,-0.179094617,-0.970688561,-0.216785812
2,0,-1.15141563,0.070519171,-0.84445614,-0.64701478,-2.32124991,1.266921865,-2.176042059,0.469030964,-0.609860931,-0.691113077
2,0,-0.261510769,0.066919307,-0.724359837,-0.631420129,-0.593673771,-0.28067364,1.413072912,-0.257486342,0.124012995,-0.98545026
2,0,0.383008782,-0.151767119,-0.419755914,-0.696820432,0.184439048,-0.437415727,0.638418998,0.284667618,-0.262279436,-0.107774798
1,0,-0.8905603,-0.504818238,1.357821147,-0.199265902,1.025543058,0.126245718,0.752272998,-1.523877012,-0.173627604,-1.506629321
1,0,0.972164256,-0.577175702,-0.859574027,-0.441955204,-0.22408646,-0.581737582,1.039530091,1.66174437,-2.750092254,0.86687712
1,0,-0.709686738,-0.747042644,0.797651909,0.02445008,-0.135731377,5.44820968,-1.036921488,-0.436354828,-0.243394828,-1.057445741
2,0,1.65439616,0.607557379,-0.408855128,0.183207717,-0.70618996,-0.437216709,-0.856863933,1.028086965,1.283178738,0.924078488
2,0,-0.929071211,-0.581628947,-1.311753548,0.723834007,-0.353708703,-0.351266427,-0.198763836,0.681970269,-3.457328962,0.836993604
2,0,0.512427295,-0.629512791,-0.224693938,-0.731040646,-0.373654482,-0.270440887,1.268170501,0.607529005,0.213719214,0.190050433
2,0,-1.042002946,-0.530823837,0.744994028,0.549945563,1.609227698,-0.132697852,0.224669524,-1.0017238,0.918115597,0.81060387
2,0,-0.612339128,0.646101012,-0.76294775,-0.505837988,-0.754083502,0.172357352,0.114985703,0.428035491,-1.389430057,0.479901763
1,0,-0.796472166,-0.587167879,0.816715877,-1.474825448,1.735777984,-0.006200041,1.136692381,-1.2113008,0.62068708,0.195521192
1,0,-0.384416123,-1.173375348,2.211941904,-1.265673246,2.185774009,0.664396762,0.986137048,-1.927895788,0.163331294,-0.82199009
2,1,-0.302506981,-0.810072756,-1.098132732,0.37853704,0.726483502,-0.380949954,0.256713268,0.112621387,-0.154319239,-0.175590991
2,1,0.82261343,-1.037938335,-0.855948693,-0.025216507,-0.19123806,-0.530655986,-0.255568034,-0.046098162,-0.071753109,1.247884888
2,1,0.032005219,-0.405502565,0.327298798,-0.312923295,-0.30476016,-0.430774117,-0.644446175,-0.781330813,0.193242326,0.733822152
2,1,0.080467255,-0.74400322,-1.107069153,1.075384271,-2.115682747,-0.53092949,-0.667495342,1.172027364,-1.388213815,-1.647545489
2,1,0.595077624,-0.179280421,1.086137463,-1.253900794,1.721311104,-0.543395364,0.373555064,-0.886514207,0.898886559,-1.250898629
2,0,-0.764695073,0.518539634,-0.164493563,-0.795994026,-0.183027156,-0.254732233,-0.156079536,-0.33672807,0.432866645,1.656535632
2,0,-0.403467501,-0.659264147,-0.206491168,-0.666180117,-0.597264341,-0.470859748,2.958674912,0.564687087,-1.579448454,0.11764099
2,0,-0.731825094,-0.223361918,0.336387028,-0.808368655,-0.196741111,-0.151701813,0.517045898,-0.312015847,-0.631565238,-0.797817102
2,0,-0.693430668,-1.064742534,-0.65429062,-0.2132474,0.169566888,-0.33840748,1.577879931,-0.324790343,0.493789722,-0.328080418
2,1,1.384927692,0.894571921,-0.527990457,2.028237264,1.098467151,-0.477221412,-1.828979713,0.524729656,-0.25739425,1.142078543
2,1,2.230596443,1.185749179,0.551056089,0.440979712,-0.419466972,-0.647386085,0.942548455,-0.169904428,0.945701138,-1.227758682
2,0,1.152490735,-0.047597981,-1.257699825,-0.819913594,-0.73687057,-0.49572445,0.553650771,0.969175708,0.848549953,-0.003164133
2,0,-0.855998124,-0.577310955,-0.666922342,-0.627723382,-0.508314292,-0.248232048,-1.686284192,1.2960483,1.312584544,-1.08052956
2,0,-0.894782801,-0.457647159,-0.274832524,-0.633172665,1.637599947,0.478779551,0.662964144,-0.701169009,0.862237552,-0.729987673
2,0,-0.312550309,-0.759839732,-0.347305045,0.72347536,-0.251676655,-0.178338094,-0.203609487,0.280657389,-0.93371132,-0.809806643
2,1,-0.457649095,-0.454936918,-0.920242952,-1.094777194,0.072755624,-0.440625884,0.780181277,0.441272574,-0.66178824,0.987998862
2,0,0.836020301,-0.221990053,1.167342699,-0.233313435,0.68719826,-0.397014888,0.005239098,-0.821047214,-0.671183729,0.089344283
2,0,-0.902488066,-0.37750128,-1.152650917,0.322178302,-0.528377911,0.094148082,-0.83064243,-0.243499975,-0.418995002,0.308603006
2,0,-1.196652179,-0.265496172,0.239966617,-0.221262676,0.562690498,-0.018938718,-0.129582682,-1.534326082,-0.856065023,-0.636192318
2,0,-1.372296996,-0.403419818,0.391425151,-0.304547825,-1.282719745,0.546108019,-0.007600968,-0.335487344,-2.606098771,-0.364236352
2,0,-0.849208536,0.036295395,0.274741578,0.224525231,0.91078441,0.061446237,-1.077928873,-0.739068308,1.441315387,-0.54183798
2,0,-1.200002487,-1.053343108,1.47326443,-0.186099579,0.005398354,-0.299653159,0.361885004,-1.40536052,0.188607229,-1.451723389
1,1,-0.026132714,-1.102319892,0.601126692,-0.872559081,0.678111249,0.280610094,-0.456468818,-0.280321396,0.629201815,1.552898742
1,1,-0.422466651,-1.16985194,0.2056672,-0.60367292,-0.240703322,-0.514132301,-0.078129597,0.013055194,-0.133813837,-1.931415323
1,0,-1.271503293,-0.427293113,-0.346121079,-0.928755496,1.054227281,0.379833608,0.267256136,-0.628680414,1.651466661,1.00027499
1,0,-1.28694425,-1.456486905,4.283099414,0.624115706,-0.731099237,0.025312675,-0.519026766,-1.265245959,-1.321881272,-1.146383668
1,1,0.792165535,-0.282387047,1.299889196,-0.858704005,1.732644982,-0.645827166,0.623741612,-0.239098777,0.714381638,-0.649808213
1,1,1.14544583,-0.156887645,1.073821784,0.260627382,-0.057156475,-0.608132999,-0.511751409,-0.599526992,0.81409469,-1.566479564
1,1,-0.706109819,-0.408795206,-0.709342537,1.416510673,-0.174638112,0.018060433,0.238774155,0.874216578,0.336679064,0.153549213
1,0,0.49266674,-0.241759435,0.705286003,0.162982387,-1.167056801,-0.502732678,0.11705878,-1.210377429,-0.48992237,0.352961804
1,0,-0.438683994,-0.117331832,1.308116247,-0.162221259,0.15035488,1.851639414,-0.006985355,-1.276879501,1.601332998,-0.566975282
1,0,1.294997285,0.651657616,-0.933337814,-1.147812763,-0.777946082,0.054566124,1.320474439,0.927478293,-1.288495007,0.071585095
2,0,0.287281309,-1.038424024,1.10521273,0.483986538,0.699077034,-0.3069472,0.474451124,-1.382272098,-0.116203112,-0.177064
2,0,-0.574560499,-0.487756316,-0.512975994,-1.26911184,-0.064400198,3.011325767,1.362759609,0.383919275,-1.469302515,0.245077558
2,0,-0.796722208,-0.711528363,-0.105334417,-0.138387737,-0.116852301,-0.349995667,-1.471440923,-0.179547659,1.26725107,0.607496213
2,0,-0.637511341,-0.768891954,0.593942599,-1.068153978,0.315801303,0.253752759,-0.847956589,-0.858438585,0.417487116,-0.287819604
2,0,-1.056101381,-0.902805269,1.126338625,0.231050686,0.661683777,0.164844707,-0.279729261,-0.503330261,0.475531069,-0.200594019
2,0,-0.862576456,0.541290671,2.72412489,-0.147078029,-0.225918802,-0.284202701,0.264379241,-0.220734697,-0.203161369,-0.857231214
2,0,0.107467363,0.295304525,-1.370520298,-0.236845866,0.692999742,-0.334945304,0.535952191,1.684299881,-0.57712838,0.55167128
1,0,-1.042071347,0.045936187,1.352816458,0.142071525,0.917832929,-0.0951143,0.314951996,-1.554208915,0.728811493,0.740479694
1,0,-0.780535944,-0.595681921,0.127942478,0.989852667,0.109983668,-0.531996826,0.061572219,-0.384623723,-0.266993858,1.027069708
1,0,-0.322495244,0.875619779,0.575197925,-0.820784082,0.71692485,0.08329564,0.509134395,-0.229692456,0.429916878,-0.254749158
1,0,-0.963831204,-0.385036928,0.552558592,-1.161076543,1.275867017,3.094695113,1.026266486,-1.651115708,0.618342523,-1.121628195
1,0,-0.857166597,-0.074351594,-0.326949625,-0.513634699,0.294641699,0.516499287,-1.190579896,-0.815446552,-0.086209848,-0.953712373
1,1,1.579673747,0.001262936,-0.926613678,-0.938312045,0.261676783,0.348268809,0.70409204,1.366082983,-0.161212331,-0.269805698
2,0,-0.437467865,0.321410629,1.24860179,-0.891333602,0.994521932,1.352293517,0.615275004,-0.855715236,0.678568056,-0.595944344
2,0,-0.38484662,-0.692515669,1.157548256,-0.61122748,0.023360578,-0.349210785,-0.053457821,-0.685674527,0.234320472,-1.99052902
1,1,2.361525002,0.374316399,0.245420247,-1.493794109,1.107486271,-0.692352959,0.871434252,0.74933763,0.732106087,-1.118489642
2,0,-0.784381047,-0.584849594,-0.13458094,-0.270501821,-0.151333069,-0.576865514,0.31627409,0.626939453,1.021004657,0.676508206
2,0,-0.634214161,-0.573510232,0.399032734,-1.372079818,0.489073423,0.634915769,-0.161936061,-0.667418026,0.284496309,-0.153962236
2,0,-0.472986366,-0.408862714,-0.684529967,-0.422697484,-0.150728143,-0.216362065,2.408875165,0.279657475,-0.597500904,0.670769021
2,0,0.443062503,-0.466317837,0.237738351,-0.439637341,-0.929918956,-0.604116535,0.512000935,-0.832353948,-0.771849918,0.648416079
2,0,-0.027449033,-0.116156012,0.412853439,-0.040899621,-0.102495157,-0.264311498,-1.187978342,-0.852858248,-0.552520018,-0.988515796
2,0,0.648594485,0.150129616,0.349420372,-0.127087409,-0.005657987,-0.451136681,-0.00023245,-1.085113628,-0.03809967,1.092125425
2,0,-1.344165432,-1.002992448,-0.254400322,-1.0313598,0.062500467,2.711452584,-0.146905224,-0.073339348,0.449269251,-2.043466531
2,0,-0.161226753,0.030197334,0.446520369,0.792750746,-1.633625277,-0.042185039,0.876957358,-0.959251128,-2.983573785,-0.159698208
2,0,-0.416219405,-0.759745883,0.377587055,0.607331049,-0.91583961,2.625677088,-1.990567016,-0.350367592,-1.356017994,1.125027066
2,0,0.215358059,-0.38835299,-1.155414976,-1.013871718,0.020484556,-0.206585999,-0.971066126,0.361561209,-0.295917349,0.854028992
2,0,0.149805581,-1.05721407,0.701094696,0.150035969,1.217616127,-0.439483404,0.470296519,-0.884166776,0.402273415,0.413332334
2,0,-0.641098652,-0.99604856,-0.212860469,-0.040436747,1.386003797,-0.388222141,0.002899207,-0.754000461,0.782588654,0.617185278
2,0,-0.990069351,0.070519171,1.058322028,1.366469358,1.314999049,-0.110495241,-0.636756648,-1.032297579,0.659589819,0.096728452
2,0,-0.985319762,1.065342383,-0.417669943,-0.549614217,0.748695225,-0.029297216,-0.515218967,0.122121811,0.108351769,-1.357001727
2,0,-1.410062167,-0.725961639,0.73904394,-0.580908143,-0.15095569,-0.173105289,-0.033311787,-0.997658086,0.072681438,0.510661474
1,0,1.789382664,3.19205967,-1.031961782,1.836236798,-1.380119309,-0.460445673,-1.099235601,0.81693635,-0.654097162,1.591635659
1,0,-1.595473285,-0.133123554,0.328478023,-0.274353238,-0.443156803,0.706037331,-0.940390647,-0.641359527,-0.306860574,0.278247495
2,0,-0.719133237,-0.183912197,-0.814825354,-0.197594927,-0.519547666,-0.148430525,-0.4069972,0.964724097,1.541394328,0.27350964
2,0,0.018254254,-0.76627936,-0.225362645,0.492527128,-0.398753664,-0.387833659,-0.989753009,-0.164704727,-0.228783516,1.217405242
1,0,0.02375972,-1.31548625,-0.184025793,-0.581685151,0.715084418,-0.558799315,-0.165609139,-0.455246844,0.059583421,0.168335144
1,0,1.32882319,-0.408795206,0.084246162,-0.686788128,-0.444142434,0.579217168,0.284889038,-0.254756568,0.340266825,0.232313029
1,0,1.147655478,0.442250216,-0.703336982,-1.080614598,-1.401113608,-0.452075436,1.167688511,0.962957423,0.344807054,0.059929228
1,0,1.087375073,-0.579708359,-0.228900009,-0.631077773,-0.437812324,-0.597500554,0.79791506,0.964385606,0.068963928,-0.413486933
1,0,-1.553517884,0.105622764,0.685129289,-0.32758326,-1.218216574,-0.53731681,-2.881118803,-0.614521331,-0.666128454,-0.226454785
2,1,0.711162406,-0.216213922,1.231153184,-0.739693633,0.08116006,0.855113811,-1.664916222,-1.09904565,-0.015836279,1.356613242
2,1,2.255868683,2.117770976,-1.25449061,1.003767716,-0.213709701,-0.596824077,1.391060019,1.534097224,-0.031722682,0.056764487
2,1,2.005394724,3.299652353,-1.064235429,2.554144456,-0.383326125,-0.55492469,0.126978939,0.615266239,1.042947818,0.569769609
2,1,1.506501555,1.286192661,-1.808585983,0.51019599,0.18398697,-0.357673807,-0.488688384,2.160538743,1.609398184,0.741465549
2,1,-0.179093424,-0.584849594,0.068353309,0.286052987,-0.729339618,-0.315720469,1.830596547,-0.170430201,-0.308194541,0.943931023
2,1,2.612806661,2.131930005,-0.799658047,2.885895734,0.867202396,-0.664546305,1.256559785,1.379004992,1.049584841,0.98775797
2,1,2.291934645,2.782581015,-0.352443258,3.018335537,-0.948125097,-0.665120818,0.698988454,0.612644151,0.368037846,-1.737661277
2,1,1.386287286,4.500187327,-0.414670117,3.712386226,-0.300919684,-0.367149499,-1.100980475,0.080171279,-0.163341344,1.206909744
2,1,2.151278786,2.384785005,-1.464282313,1.563619538,0.608832962,-0.64831503,1.5058235,1.722601945,0.604273358,0.808011119
2,1,1.968495258,2.361841428,-0.987500966,1.518462804,-0.65647127,-0.477593528,-0.040102144,1.611459368,-0.779010667,1.014013657
2,1,1.21497327,0.106084254,-1.117495762,0.280632662,-0.876689031,-0.359247793,-0.838969337,0.273508192,0.873311582,0.897794376
2,1,0.955569521,-1.117441793,-0.512916755,0.788930873,-0.473605952,-0.554811666,-0.706205988,-0.687873403,0.101131134,0.6093106
2,0,-0.097057185,0.115266064,1.32890117,-1.280632396,1.254230566,-0.462289879,0.494219367,-1.175177265,0.827159374,-1.569037426
1,1,-0.944723932,-0.407308769,0.492843511,-0.539263194,0.497039052,0.056989809,1.22623088,-0.722081374,2.2090551,-0.072582097
1,1,-0.060696763,1.81095358,-1.061504118,0.224476087,-0.093105508,-0.0200943,-2.339857493,0.60754178,-0.985299918,0.793244702
1,1,2.037299932,0.090948631,-0.821420573,1.576755082,-0.324137409,-0.295454142,0.501648023,0.731327904,0.405583538,0.863292453
1,1,1.976727222,-0.559315318,-0.727885445,-1.390092709,0.003124021,-0.221729897,0.830205359,0.239047695,0.256309483,-0.447339842
1,1,2.103945521,1.171096215,0.313970658,1.557850098,-0.250149991,-0.643421411,-0.875344233,0.604999467,-0.684201059,-1.240514255
1,1,2.011894229,0.243304802,-0.182646406,-1.39266869,-0.471953467,-0.482369227,0.654113302,-0.271415737,-0.307190809,-1.309578333
1,1,2.522820841,1.069308011,-0.12450163,-0.866892841,-0.522691585,-0.690695512,0.47019618,0.617918232,1.123640456,0.346301551
2,1,1.618247108,2.071254277,-0.387444891,0.57393177,-1.387318229,-0.598540543,-0.536800276,-0.389623684,1.916288056,-0.881157501
2,1,0.649714208,-0.158036522,0.32851408,-0.856760298,0.443704914,-0.38948287,0.421783279,-0.848019059,0.735694547,-0.84485233
1,1,1.619517831,1.821755716,-1.100059457,2.065027868,-1.154015072,-0.541514744,0.06452098,1.434000127,0.335872197,0.924592217
1,1,2.297410875,0.921757733,-0.035285586,-1.108211459,-0.465380099,-0.642614555,-0.216387836,0.961222069,0.521668152,-1.520811955
1,1,1.833734765,2.257841353,-0.62503208,2.43021851,-0.701465556,-0.583069254,-1.308716712,0.734177769,0.442447993,1.469291229
2,0,-0.566016815,-0.888383111,0.391538661,-0.373908311,0.869525033,-0.373222086,0.583662862,-0.241057683,1.725945562,1.433014982
2,1,1.920502711,2.169698082,-0.640205657,3.595969902,-0.435228393,-0.465292889,-1.055747621,1.683832466,-0.273964011,0.987923783
2,1,-1.039751781,-0.76627936,2.820861069,-0.009078501,1.220287271,-0.01406346,0.551460933,-0.451635888,0.61037065,0.770356777
2,1,-0.068987202,-0.909391169,0.06022764,-0.309971839,0.97758405,-0.393393391,0.858728479,-0.632390466,1.015665673,1.013836347
2,1,2.371729739,0.941297635,-0.119930268,-1.40230806,0.390610554,-0.625968725,0.873405598,0.669315475,0.474605546,-1.213655644
2,1,2.614564538,0.80583659,-0.208032145,-0.295518798,0.859573387,-0.652873443,1.263108718,0.965342399,0.788253965,-0.594449799
